VehicleID,EngineTemp,OilPressure,BatteryVoltage
V101,86,45,13.951181938740808
V102,102,47,11.320729240314058
V103,106,41,14.085762606875182
V104,88,59,13.027614519097083
V105,112,54,11.802791457072237
V106,115,18,13.004101051132693
V107,86,36,11.435170451586089
V108,91,28,12.714882031562828
V109,111,47,13.987864927110572
V110,92,33,13.17176382662905
